execution_run_id,depth,budget,method,n_graphs,n_runs,resampling_unit,objective_mean,objective_ci_low,objective_ci_high,expected_ratio_mean,expected_ratio_ci_low,expected_ratio_ci_high,signed_reference_gap_mean,signed_reference_gap_ci_low,signed_reference_gap_ci_high,success_fraction_mean,success_fraction_ci_low,success_fraction_ci_high,capped_target_shots_mean,capped_target_shots_ci_low,capped_target_shots_ci_high,optimization_shots_mean,optimization_shots_ci_low,optimization_shots_ci_high,optimization_calls_mean,optimization_calls_ci_low,optimization_calls_ci_high,optimization_jobs_mean,optimization_jobs_ci_low,optimization_jobs_ci_high,validation_shots_mean,validation_shots_ci_low,validation_shots_ci_high,validation_calls_mean,validation_calls_ci_low,validation_calls_ci_high,validation_jobs_mean,validation_jobs_ci_low,validation_jobs_ci_high,total_shots_mean,total_shots_ci_low,total_shots_ci_high,total_calls_mean,total_calls_ci_low,total_calls_ci_high,total_jobs_mean,total_jobs_ci_low,total_jobs_ci_high,optimization_seconds_mean,optimization_seconds_ci_low,optimization_seconds_ci_high
study-cc25ae93d418f22101d4,1,32768,bad_prior,24,72,graph mean over shot repetitions,-0.5464463149786076,-0.5745521206444713,-0.5206119896397065,0.6799446195346929,0.6480434869632762,0.7132293962011766,0.09458708862018513,0.06734641108555002,0.12165516852536118,0.3333333333333333,0.16666666666666666,0.5416666666666666,23466.666666666668,17653.333333333332,28117.333333333332,31914.666666666668,31829.333333333332,32021.333333333332,32.666666666666664,31.333333333333332,34.333333333333336,14.0,13.5,14.625,16384.0,16384.0,16384.0,1.0,1.0,1.0,1.0,1.0,1.0,48298.666666666664,48213.333333333336,48405.333333333336,33.666666666666664,32.333333333333336,35.333333333333336,15.0,14.5,15.625,0.008041625583271322,0.006797755585043004,0.009308082609970509
study-cc25ae93d418f22101d4,1,32768,cobyla,24,72,graph mean over shot repetitions,-0.639464529551216,-0.6500005932398957,-0.6286390838426629,0.7958464641567767,0.7804227843249297,0.8115388621788411,0.0015688740475766627,0.0011528705764071673,0.0020187522819585494,1.0,1.0,1.0,0.0,0.0,0.0,16640.0,16170.666666666666,17152.0,16.25,15.791666666666666,16.75,16.25,15.791666666666666,16.75,16384.0,16384.0,16384.0,1.0,1.0,1.0,1.0,1.0,1.0,33024.0,32554.666666666668,33536.0,17.25,16.791666666666668,17.75,17.25,16.791666666666668,17.75,0.010213640013969577,0.009342117556283192,0.011301093377130339
study-cc25ae93d418f22101d4,1,32768,descriptor_iso,24,72,graph mean over shot repetitions,-0.6401627581211212,-0.6509128277957774,-0.628934895390453,0.7966614481105839,0.7813012968574496,0.8123268181124712,0.0008706454776714981,0.0003324330183883687,0.0015643921027967418,1.0,1.0,1.0,0.0,0.0,0.0,31900.44444444445,31815.111111111113,31985.77777777778,32.44444444444445,31.11111111111111,33.77777777777778,13.916666666666666,13.416666666666666,14.416666666666666,16384.0,16384.0,16384.0,1.0,1.0,1.0,1.0,1.0,1.0,48284.44444444444,48199.1111111111,48369.77777777778,33.44444444444445,32.11111111111111,34.77777777777778,14.916666666666666,14.416666666666666,15.416666666666666,0.008055159180584168,0.006792318253081615,0.009341202017341111
study-cc25ae93d418f22101d4,1,32768,descriptor_shape,24,72,graph mean over shot repetitions,-0.6401627581211212,-0.6509128277957774,-0.628934895390453,0.7966614481105839,0.7813012968574496,0.8123268181124712,0.0008706454776714981,0.0003324330183883687,0.0015643921027967418,1.0,1.0,1.0,0.0,0.0,0.0,31879.11111111111,31800.888888888887,31964.44444444444,32.111111111111114,30.88888888888889,33.44444444444445,13.791666666666666,13.333333333333334,14.291666666666666,16384.0,16384.0,16384.0,1.0,1.0,1.0,1.0,1.0,1.0,48263.11111111112,48184.8888888889,48348.444444444445,33.111111111111114,31.88888888888889,34.44444444444445,14.791666666666666,14.333333333333334,15.291666666666666,0.007982191513924085,0.00674627026362518,0.009248452085818018
study-cc25ae93d418f22101d4,1,32768,fixed_radius,24,72,graph mean over shot repetitions,-0.6401627581211212,-0.6509128277957774,-0.628934895390453,0.7966614481105839,0.7813012968574496,0.8123268181124712,0.0008706454776714981,0.0003324330183883687,0.0015643921027967418,1.0,1.0,1.0,0.0,0.0,0.0,32476.44444444444,32291.55555555556,32632.88888888889,59.583333333333336,55.0,64.83333333333333,24.777777777777775,23.097222222222218,26.708333333333332,16384.0,16384.0,16384.0,1.0,1.0,1.0,1.0,1.0,1.0,48860.444444444445,48675.55555555556,49016.8888888889,60.583333333333336,56.0,65.83333333333333,25.777777777777775,24.097222222222218,27.708333333333332,0.014896834555631561,0.01250854626226846,0.01739253031502825
study-cc25ae93d418f22101d4,1,32768,fixed_shots,24,72,graph mean over shot repetitions,-0.6401627581211212,-0.6509128277957774,-0.628934895390453,0.7966614481105839,0.7813012968574496,0.8123268181124712,0.0008706454776714981,0.0003324330183883687,0.0015643921027967418,1.0,1.0,1.0,0.0,0.0,0.0,768.0,768.0,768.0,3.0,3.0,3.0,1.0,1.0,1.0,16384.0,16384.0,16384.0,1.0,1.0,1.0,1.0,1.0,1.0,17152.0,17152.0,17152.0,4.0,4.0,4.0,2.0,2.0,2.0,0.0008639362916558942,0.0007461696906305961,0.0009806771152682358
study-cc25ae93d418f22101d4,1,32768,gw_iso,24,72,graph mean over shot repetitions,-0.6380974066378468,-0.6485069925794632,-0.6271644789145628,0.7941867093504967,0.7785717632362948,0.8104099369817547,0.002935996960945842,0.001565543008782023,0.004505029577035701,1.0,1.0,1.0,0.0,0.0,0.0,31808.0,31765.333333333332,31857.777777777777,31.0,30.333333333333332,31.777777777777775,13.375,13.125,13.666666666666666,16384.0,16384.0,16384.0,1.0,1.0,1.0,1.0,1.0,1.0,48192.0,48149.333333333336,48241.777777777774,32.0,31.333333333333332,32.77777777777777,14.375,14.125,14.666666666666666,0.007669784666682568,0.006490609395854739,0.00882520866491158
study-cc25ae93d418f22101d4,1,32768,gw_shape,24,72,graph mean over shot repetitions,-0.6380974066378468,-0.6485069925794632,-0.6271644789145628,0.7941867093504967,0.7785717632362948,0.8104099369817547,0.002935996960945842,0.001565543008782023,0.004505029577035701,1.0,1.0,1.0,0.0,0.0,0.0,31765.333333333332,31744.0,31800.888888888887,30.333333333333332,30.0,30.88888888888889,13.125,13.0,13.333333333333334,16384.0,16384.0,16384.0,1.0,1.0,1.0,1.0,1.0,1.0,48149.333333333336,48128.0,48184.8888888889,31.333333333333332,31.0,31.88888888888889,14.125,14.0,14.333333333333334,0.007496084499962308,0.006336700815623747,0.00865427131070583
study-cc25ae93d418f22101d4,1,32768,local_iso,24,72,graph mean over shot repetitions,-0.6370458719993723,-0.649149812832893,-0.6242615247285122,0.792473227496434,0.7778491267492542,0.8073637249371961,0.0039875315994204324,0.001957012340054568,0.0063788718474868875,1.0,1.0,1.0,0.0,0.0,0.0,31879.111111111113,31800.88888888889,31957.333333333332,32.111111111111114,30.88888888888889,33.333333333333336,13.791666666666666,13.333333333333334,14.25,16384.0,16384.0,16384.0,1.0,1.0,1.0,1.0,1.0,1.0,48263.1111111111,48184.8888888889,48341.333333333336,33.111111111111114,31.88888888888889,34.333333333333336,14.791666666666666,14.333333333333334,15.25,0.007961175944552047,0.0067465068817038325,0.009187460151222617
study-cc25ae93d418f22101d4,1,32768,no_repair,24,72,graph mean over shot repetitions,-0.6401627581211212,-0.6509128277957774,-0.628934895390453,0.7966614481105839,0.7813012968574496,0.8123268181124712,0.0008706454776714981,0.0003324330183883687,0.0015643921027967418,1.0,1.0,1.0,0.0,0.0,0.0,31815.11111111111,31765.155555555553,31879.11111111111,31.111111111111114,30.330555555555556,32.111111111111114,13.416666666666666,13.123958333333334,13.791666666666666,16384.0,16384.0,16384.0,1.0,1.0,1.0,1.0,1.0,1.0,48199.11111111112,48149.15555555556,48263.1111111111,32.111111111111114,31.330555555555556,33.111111111111114,14.416666666666666,14.123958333333334,14.791666666666666,0.007570973902779264,0.006342459533695117,0.008816590038480855
study-cc25ae93d418f22101d4,1,32768,random_iso,24,72,graph mean over shot repetitions,-0.5418160175359373,-0.5533262931813457,-0.5300482840187801,0.6750440773245802,0.6553143918880573,0.6963273770334121,0.09921738606285535,0.08874396852493462,0.10969101544367041,0.125,0.05555555555555555,0.20833333333333334,30360.888888888887,28604.44444444445,31889.77777777778,31765.333333333332,31623.111111111113,31857.77777777778,31.333333333333332,30.5,32.27777777777778,13.513888888888891,13.180555555555557,13.888888888888891,16384.0,16384.0,16384.0,1.0,1.0,1.0,1.0,1.0,1.0,48149.333333333336,48007.1111111111,48241.777777777774,32.333333333333336,31.5,33.27777777777778,14.513888888888891,14.180555555555557,14.888888888888891,0.007754030708408917,0.006554543134115597,0.008947767750017495
study-cc25ae93d418f22101d4,1,32768,shuffled_gw,24,72,graph mean over shot repetitions,-0.6321609124564399,-0.6461992415692057,-0.6162581786283605,0.7870256038143131,0.7630954846658129,0.807280908648578,0.008872491142352853,0.0020747491074127452,0.021339557773588293,0.9583333333333334,0.875,1.0,1365.3333333333333,0.0,4096.0,31822.222222222223,31765.333333333332,31886.222222222223,31.222222222222218,30.333333333333332,32.22222222222222,13.458333333333334,13.125,13.833333333333334,16384.0,16384.0,16384.0,1.0,1.0,1.0,1.0,1.0,1.0,48206.22222222222,48149.333333333336,48270.222222222226,32.22222222222222,31.333333333333332,33.22222222222222,14.458333333333334,14.125,14.833333333333334,0.0077372674027805675,0.006568647038922234,0.008924676971807344
study-cc25ae93d418f22101d4,1,32768,spsa,24,72,graph mean over shot repetitions,-0.6404965521830236,-0.6511417371507259,-0.6294601845687036,0.7971065700407349,0.7816903144155479,0.812848281281304,0.0005368514157690738,0.0001989632953626905,0.0009529559149153631,1.0,1.0,1.0,0.0,0.0,0.0,30720.0,30720.0,30720.0,30.0,30.0,30.0,20.0,20.0,20.0,16384.0,16384.0,16384.0,1.0,1.0,1.0,1.0,1.0,1.0,47104.0,47104.0,47104.0,31.0,31.0,31.0,21.0,21.0,21.0,0.006935847236048984,0.005745088725614918,0.00812238429605985
study-cc25ae93d418f22101d4,1,32768,uniform_iso,24,72,graph mean over shot repetitions,-0.6362336329891747,-0.6485015802392501,-0.6233638172213267,0.7914040182225061,0.7772002773014869,0.8059542403453906,0.00479977060961798,0.0027387902512611417,0.007123108839769609,1.0,1.0,1.0,0.0,0.0,0.0,31857.77777777778,31786.666666666668,31943.111111111113,31.777777777777775,30.666666666666668,33.11111111111111,13.666666666666666,13.25,14.166666666666666,16384.0,16384.0,16384.0,1.0,1.0,1.0,1.0,1.0,1.0,48241.777777777774,48170.666666666664,48327.1111111111,32.77777777777778,31.666666666666668,34.11111111111111,14.666666666666666,14.25,15.166666666666666,0.008206676499968226,0.006899095137781804,0.009528728063168995
study-cc25ae93d418f22101d4,1,131072,bad_prior,24,72,graph mean over shot repetitions,-0.5502252929239787,-0.5772690779011761,-0.5246104564133132,0.6842786007280334,0.6542807197431553,0.7154192613172752,0.09080811067481405,0.06489707728901666,0.11616185461673954,0.3333333333333333,0.16666666666666666,0.5416666666666666,89002.66666666667,62709.333333333336,110037.33333333333,131072.0,131072.0,131072.0,62.0,62.0,62.0,27.0,27.0,27.0,16384.0,16384.0,16384.0,1.0,1.0,1.0,1.0,1.0,1.0,147456.0,147456.0,147456.0,63.0,63.0,63.0,28.0,28.0,28.0,0.015209046236122958,0.012813938457296418,0.017580229852161563
study-cc25ae93d418f22101d4,1,131072,cobyla,24,72,graph mean over shot repetitions,-0.639464529551216,-0.6500005932398957,-0.6286390838426629,0.7958464641567767,0.7804227843249297,0.8115388621788411,0.0015688740475766627,0.0011528705764071673,0.0020187522819585494,1.0,1.0,1.0,0.0,0.0,0.0,16640.0,16170.666666666666,17152.0,16.25,15.791666666666666,16.75,16.25,15.791666666666666,16.75,16384.0,16384.0,16384.0,1.0,1.0,1.0,1.0,1.0,1.0,33024.0,32554.666666666668,33536.0,17.25,16.791666666666668,17.75,17.25,16.791666666666668,17.75,0.009922622013909354,0.009283175968757796,0.010553088497572262
study-cc25ae93d418f22101d4,1,131072,descriptor_iso,24,72,graph mean over shot repetitions,-0.6401627581211212,-0.6509128277957774,-0.628934895390453,0.7966614481105839,0.7813012968574496,0.8123268181124712,0.0008706454776714981,0.0003324330183883687,0.0015643921027967418,1.0,1.0,1.0,0.0,0.0,0.0,131072.0,131072.0,131072.0,62.0,62.0,62.0,27.0,27.0,27.0,16384.0,16384.0,16384.0,1.0,1.0,1.0,1.0,1.0,1.0,147456.0,147456.0,147456.0,63.0,63.0,63.0,28.0,28.0,28.0,0.015385784694368946,0.012912928424877476,0.017842317213093557
study-cc25ae93d418f22101d4,1,131072,descriptor_shape,24,72,graph mean over shot repetitions,-0.6401627581211212,-0.6509128277957774,-0.628934895390453,0.7966614481105839,0.7813012968574496,0.8123268181124712,0.0008706454776714981,0.0003324330183883687,0.0015643921027967418,1.0,1.0,1.0,0.0,0.0,0.0,131072.0,131072.0,131072.0,62.0,62.0,62.0,27.0,27.0,27.0,16384.0,16384.0,16384.0,1.0,1.0,1.0,1.0,1.0,1.0,147456.0,147456.0,147456.0,63.0,63.0,63.0,28.0,28.0,28.0,0.01533435352778017,0.012877141051054903,0.017785103603355248
study-cc25ae93d418f22101d4,1,131072,fixed_radius,24,72,graph mean over shot repetitions,-0.6401627581211212,-0.6509128277957774,-0.628934895390453,0.7966614481105839,0.7813012968574496,0.8123268181124712,0.0008706454776714981,0.0003324330183883687,0.0015643921027967418,1.0,1.0,1.0,0.0,0.0,0.0,129280.0,127669.24444444444,130293.33333333333,228.55555555555557,208.29131944444444,250.6951388888889,95.44444444444444,88.01388888888887,103.56944444444444,16384.0,16384.0,16384.0,1.0,1.0,1.0,1.0,1.0,1.0,145664.0,144053.24444444446,146677.33333333334,229.55555555555557,209.29131944444444,251.6951388888889,96.44444444444444,89.01388888888887,104.56944444444444,0.05754028931945262,0.04764625767017681,0.0683177945014301
study-cc25ae93d418f22101d4,1,131072,fixed_shots,24,72,graph mean over shot repetitions,-0.6401627581211212,-0.6509128277957774,-0.628934895390453,0.7966614481105839,0.7813012968574496,0.8123268181124712,0.0008706454776714981,0.0003324330183883687,0.0015643921027967418,1.0,1.0,1.0,0.0,0.0,0.0,66304.0,66304.0,66304.0,5.0,5.0,5.0,2.0,2.0,2.0,16384.0,16384.0,16384.0,1.0,1.0,1.0,1.0,1.0,1.0,82688.0,82688.0,82688.0,6.0,6.0,6.0,3.0,3.0,3.0,0.0013127898473233774,0.0011208905143468605,0.0015024785056586627
study-cc25ae93d418f22101d4,1,131072,gw_iso,24,72,graph mean over shot repetitions,-0.6380974066378468,-0.6485069925794632,-0.6271644789145628,0.7941867093504967,0.7785717632362948,0.8104099369817547,0.002935996960945842,0.001565543008782023,0.004505029577035701,1.0,1.0,1.0,0.0,0.0,0.0,131072.0,131072.0,131072.0,62.0,62.0,62.0,27.0,27.0,27.0,16384.0,16384.0,16384.0,1.0,1.0,1.0,1.0,1.0,1.0,147456.0,147456.0,147456.0,63.0,63.0,63.0,28.0,28.0,28.0,0.015329170666720732,0.012867159888543573,0.017784791618896633
study-cc25ae93d418f22101d4,1,131072,gw_shape,24,72,graph mean over shot repetitions,-0.6380974066378468,-0.6485069925794632,-0.6271644789145628,0.7941867093504967,0.7785717632362948,0.8104099369817547,0.002935996960945842,0.001565543008782023,0.004505029577035701,1.0,1.0,1.0,0.0,0.0,0.0,131072.0,131072.0,131072.0,62.0,62.0,62.0,27.0,27.0,27.0,16384.0,16384.0,16384.0,1.0,1.0,1.0,1.0,1.0,1.0,147456.0,147456.0,147456.0,63.0,63.0,63.0,28.0,28.0,28.0,0.015338679986143688,0.012875030900701745,0.017794629319472698
study-cc25ae93d418f22101d4,1,131072,local_iso,24,72,graph mean over shot repetitions,-0.6370458719993723,-0.649149812832893,-0.6242615247285122,0.792473227496434,0.7778491267492542,0.8073637249371961,0.0039875315994204324,0.001957012340054568,0.0063788718474868875,1.0,1.0,1.0,0.0,0.0,0.0,131072.0,131072.0,131072.0,62.0,62.0,62.0,27.0,27.0,27.0,16384.0,16384.0,16384.0,1.0,1.0,1.0,1.0,1.0,1.0,147456.0,147456.0,147456.0,63.0,63.0,63.0,28.0,28.0,28.0,0.015386348930557384,0.01294935726426824,0.01780649335833036
study-cc25ae93d418f22101d4,1,131072,no_repair,24,72,graph mean over shot repetitions,-0.6401627581211212,-0.6509128277957774,-0.628934895390453,0.7966614481105839,0.7813012968574496,0.8123268181124712,0.0008706454776714981,0.0003324330183883687,0.0015643921027967418,1.0,1.0,1.0,0.0,0.0,0.0,131072.0,131072.0,131072.0,62.0,62.0,62.0,27.0,27.0,27.0,16384.0,16384.0,16384.0,1.0,1.0,1.0,1.0,1.0,1.0,147456.0,147456.0,147456.0,63.0,63.0,63.0,28.0,28.0,28.0,0.015049866333318581,0.012628729319806414,0.017446118781865354
study-cc25ae93d418f22101d4,1,131072,random_iso,24,72,graph mean over shot repetitions,-0.5570280404253827,-0.571464669895282,-0.5424858650911875,0.6932998829822514,0.6737553898051585,0.713771596014817,0.08400536317341005,0.07388826914449016,0.09474432088172795,0.19444444444444442,0.1111111111111111,0.27777777777777773,114848.0,105642.57777777778,123054.31111111112,131050.66666666667,131018.66666666667,131072.0,62.47222222222223,62.0,63.180555555555564,27.194444444444443,27.0,27.48611111111111,16384.0,16384.0,16384.0,1.0,1.0,1.0,1.0,1.0,1.0,147434.66666666666,147402.66666666666,147456.0,63.47222222222223,63.0,64.18055555555556,28.194444444444443,28.0,28.48611111111111,0.015340244888951323,0.012936573364935257,0.01772409785009851
study-cc25ae93d418f22101d4,1,131072,shuffled_gw,24,72,graph mean over shot repetitions,-0.6321609124564399,-0.6461992415692057,-0.6162581786283605,0.7870256038143131,0.7630954846658129,0.807280908648578,0.008872491142352853,0.0020747491074127452,0.021339557773588293,0.9583333333333334,0.875,1.0,5461.333333333333,0.0,16384.0,131072.0,131072.0,131072.0,62.0,62.0,62.0,27.0,27.0,27.0,16384.0,16384.0,16384.0,1.0,1.0,1.0,1.0,1.0,1.0,147456.0,147456.0,147456.0,63.0,63.0,63.0,28.0,28.0,28.0,0.015379876263914918,0.012934692474461447,0.01780282466048643
study-cc25ae93d418f22101d4,1,131072,spsa,24,72,graph mean over shot repetitions,-0.6407969341354804,-0.651325486796636,-0.6299310124073034,0.7975120655894447,0.7820600618353961,0.8133300839681656,0.00023646946331228665,8.358012758045837e-05,0.0004258646233730488,1.0,1.0,1.0,0.0,0.0,0.0,129024.0,129024.0,129024.0,126.0,126.0,126.0,84.0,84.0,84.0,16384.0,16384.0,16384.0,1.0,1.0,1.0,1.0,1.0,1.0,145408.0,145408.0,145408.0,127.0,127.0,127.0,85.0,85.0,85.0,0.028878045236069738,0.023943036196141382,0.03378239158400807
study-cc25ae93d418f22101d4,1,131072,uniform_iso,24,72,graph mean over shot repetitions,-0.6362336329891747,-0.6485015802392501,-0.6233638172213267,0.7914040182225061,0.7772002773014869,0.8059542403453906,0.00479977060961798,0.0027387902512611417,0.007123108839769609,1.0,1.0,1.0,0.0,0.0,0.0,131072.0,131072.0,131072.0,62.0,62.0,62.0,27.0,27.0,27.0,16384.0,16384.0,16384.0,1.0,1.0,1.0,1.0,1.0,1.0,147456.0,147456.0,147456.0,63.0,63.0,63.0,28.0,28.0,28.0,0.015478467583420752,0.013007510809812097,0.017940782397662423
study-cc25ae93d418f22101d4,2,32768,bad_prior,24,72,graph mean over shot repetitions,-0.5195570902958672,-0.5396602078178793,-0.5028026375483144,0.6482856235791958,0.619162892400537,0.6791761905211423,0.17941075525349878,0.15474735314555269,0.20287050871306564,0.0,0.0,0.0,32768.0,32768.0,32768.0,30762.666666666668,30720.0,30848.0,36.333333333333336,36.0,37.0,12.083333333333334,12.0,12.25,16384.0,16384.0,16384.0,1.0,1.0,1.0,1.0,1.0,1.0,47146.666666666664,47104.0,47232.0,37.333333333333336,37.0,38.0,13.083333333333334,13.0,13.25,0.015119741819464455,0.012461631558064961,0.017740460945810495
study-cc25ae93d418f22101d4,2,32768,cobyla,24,72,graph mean over shot repetitions,-0.6956214907317889,-0.7103706386926624,-0.6807338021474418,0.8647913244152784,0.8523948932171349,0.877416262372635,0.0033463548175770032,0.0024956322793898388,0.004270512691883487,1.0,1.0,1.0,0.0,0.0,0.0,23281.777777777777,22869.333333333332,23694.22222222222,22.73611111111111,22.333333333333332,23.138888888888886,22.73611111111111,22.333333333333332,23.138888888888886,16384.0,16384.0,16384.0,1.0,1.0,1.0,1.0,1.0,1.0,39665.77777777778,39253.333333333336,40078.22222222222,23.73611111111111,23.333333333333332,24.138888888888886,23.73611111111111,23.333333333333332,24.138888888888886,0.017286995416586452,0.015552108586329737,0.019013741316268172
study-cc25ae93d418f22101d4,2,32768,descriptor_iso,24,72,graph mean over shot repetitions,-0.6952111631082635,-0.7105490347236253,-0.6796022781571477,0.864161468638529,0.8517568594696004,0.8767530018071258,0.0037566824411024206,0.00237780974443892,0.005495363811264249,1.0,1.0,1.0,0.0,0.0,0.0,30720.0,30720.0,30720.0,36.0,36.0,36.0,12.0,12.0,12.0,16384.0,16384.0,16384.0,1.0,1.0,1.0,1.0,1.0,1.0,47104.0,47104.0,47104.0,37.0,37.0,37.0,13.0,13.0,13.0,0.015225310138905317,0.012517010938622597,0.01791074800207468
study-cc25ae93d418f22101d4,2,32768,descriptor_shape,24,72,graph mean over shot repetitions,-0.6952111631082635,-0.7105490347236253,-0.6796022781571477,0.864161468638529,0.8517568594696004,0.8767530018071258,0.0037566824411024206,0.00237780974443892,0.005495363811264249,1.0,1.0,1.0,0.0,0.0,0.0,30720.0,30720.0,30720.0,36.0,36.0,36.0,12.0,12.0,12.0,16384.0,16384.0,16384.0,1.0,1.0,1.0,1.0,1.0,1.0,47104.0,47104.0,47104.0,37.0,37.0,37.0,13.0,13.0,13.0,0.015264758097158748,0.012529302469029504,0.01797370680267281
study-cc25ae93d418f22101d4,2,32768,fixed_radius,24,72,graph mean over shot repetitions,-0.6952111631082635,-0.7105490347236253,-0.6796022781571477,0.864161468638529,0.8517568594696004,0.8767530018071258,0.0037566824411024206,0.00237780974443892,0.005495363811264249,1.0,1.0,1.0,0.0,0.0,0.0,31509.333333333332,31210.666666666668,31808.0,45.25,41.75,48.75,15.083333333333334,13.916666666666666,16.25,16384.0,16384.0,16384.0,1.0,1.0,1.0,1.0,1.0,1.0,47893.333333333336,47594.666666666664,48192.0,46.25,42.75,49.75,16.083333333333332,14.916666666666666,17.25,0.01866272280556637,0.015369876711896623,0.022091660547611504
study-cc25ae93d418f22101d4,2,32768,fixed_shots,24,72,graph mean over shot repetitions,-0.6952111631082635,-0.7105490347236253,-0.6796022781571477,0.864161468638529,0.8517568594696004,0.8767530018071258,0.0037566824411024206,0.00237780974443892,0.005495363811264249,1.0,1.0,1.0,0.0,0.0,0.0,1280.0,1280.0,1280.0,5.0,5.0,5.0,1.0,1.0,1.0,16384.0,16384.0,16384.0,1.0,1.0,1.0,1.0,1.0,1.0,17664.0,17664.0,17664.0,6.0,6.0,6.0,2.0,2.0,2.0,0.0022183923333866716,0.001847802415697212,0.002587441359416213
study-cc25ae93d418f22101d4,2,32768,gw_iso,24,72,graph mean over shot repetitions,-0.6899951068820066,-0.7045791883231208,-0.6745552210405338,0.8578672673011982,0.8441177957737737,0.872142923954865,0.00897273866735939,0.005344269401341935,0.013275344273512096,0.9166666666666666,0.7916666666666666,1.0,2730.6666666666665,0.0,6826.666666666667,30720.0,30720.0,30720.0,36.0,36.0,36.0,12.0,12.0,12.0,16384.0,16384.0,16384.0,1.0,1.0,1.0,1.0,1.0,1.0,47104.0,47104.0,47104.0,37.0,37.0,37.0,13.0,13.0,13.0,0.015208615111191648,0.012472304631610757,0.017932785676084802
study-cc25ae93d418f22101d4,2,32768,gw_shape,24,72,graph mean over shot repetitions,-0.6899951068820066,-0.7045791883231208,-0.6745552210405338,0.8578672673011982,0.8441177957737737,0.872142923954865,0.00897273866735939,0.005344269401341935,0.013275344273512096,0.9166666666666666,0.7916666666666666,1.0,2730.6666666666665,0.0,6826.666666666667,30720.0,30720.0,30720.0,36.0,36.0,36.0,12.0,12.0,12.0,16384.0,16384.0,16384.0,1.0,1.0,1.0,1.0,1.0,1.0,47104.0,47104.0,47104.0,37.0,37.0,37.0,13.0,13.0,13.0,0.015164261027747572,0.012451189978157928,0.01785866488640345
study-cc25ae93d418f22101d4,2,32768,local_iso,24,72,graph mean over shot repetitions,-0.6843094616673762,-0.7023275886214664,-0.6654036433061874,0.8500424047095168,0.8366769178102229,0.8642736463225528,0.01465838388198972,0.009637086526195538,0.02055258192005187,0.8333333333333334,0.6666666666666666,0.9583333333333334,5461.333333333333,1365.3333333333333,10922.666666666666,30720.0,30720.0,30720.0,36.0,36.0,36.0,12.0,12.0,12.0,16384.0,16384.0,16384.0,1.0,1.0,1.0,1.0,1.0,1.0,47104.0,47104.0,47104.0,37.0,37.0,37.0,13.0,13.0,13.0,0.015194878458285327,0.012475411081562192,0.01789752161037528
study-cc25ae93d418f22101d4,2,32768,no_repair,24,72,graph mean over shot repetitions,-0.6952111631082635,-0.7105490347236253,-0.6796022781571477,0.864161468638529,0.8517568594696004,0.8767530018071258,0.0037566824411024206,0.00237780974443892,0.005495363811264249,1.0,1.0,1.0,0.0,0.0,0.0,30720.0,30720.0,30720.0,36.0,36.0,36.0,12.0,12.0,12.0,16384.0,16384.0,16384.0,1.0,1.0,1.0,1.0,1.0,1.0,47104.0,47104.0,47104.0,37.0,37.0,37.0,13.0,13.0,13.0,0.015022043930596536,0.012287723296660145,0.017741848392105276
study-cc25ae93d418f22101d4,2,32768,random_iso,24,72,graph mean over shot repetitions,-0.537995622010774,-0.5611386100933629,-0.5167522401045386,0.6680053847404802,0.6467988393778958,0.6891500933040934,0.16097222353859192,0.1453190521333154,0.17632534013467618,0.0,0.0,0.0,32768.0,32768.0,32768.0,30784.0,30720.0,30848.0,36.5,36.0,37.0,12.125,12.0,12.25,16384.0,16384.0,16384.0,1.0,1.0,1.0,1.0,1.0,1.0,47168.0,47104.0,47232.0,37.5,37.0,38.0,13.125,13.0,13.25,0.015410459513923848,0.012625329422508,0.018152545737166605
study-cc25ae93d418f22101d4,2,32768,shuffled_gw,24,72,graph mean over shot repetitions,-0.678898694353998,-0.6989689337137159,-0.6573400612509849,0.8443467239387966,0.8180406086525407,0.8648834003539536,0.020069151195368076,0.00814518339517873,0.038494099323736104,0.75,0.5833333333333334,0.9166666666666666,8192.0,2730.6666666666665,13653.333333333334,30720.0,30720.0,30720.0,36.0,36.0,36.0,12.0,12.0,12.0,16384.0,16384.0,16384.0,1.0,1.0,1.0,1.0,1.0,1.0,47104.0,47104.0,47104.0,37.0,37.0,37.0,13.0,13.0,13.0,0.015176445694401589,0.012458888344063883,0.01786917118435175
study-cc25ae93d418f22101d4,2,32768,spsa,24,72,graph mean over shot repetitions,-0.6966660909550079,-0.7115539066298704,-0.6816163282721295,0.8660838397161449,0.8534641855468054,0.8789797152822443,0.002301754594358151,0.0014777206720896804,0.0033761041337403434,1.0,1.0,1.0,0.0,0.0,0.0,30720.0,30720.0,30720.0,30.0,30.0,30.0,20.0,20.0,20.0,16384.0,16384.0,16384.0,1.0,1.0,1.0,1.0,1.0,1.0,47104.0,47104.0,47104.0,31.0,31.0,31.0,21.0,21.0,21.0,0.01219278815275023,0.00992488459612749,0.014455755305894514
study-cc25ae93d418f22101d4,2,32768,uniform_iso,24,72,graph mean over shot repetitions,-0.6846767448497239,-0.7031026935069071,-0.6652989738626052,0.8503389158982347,0.8375187838137153,0.8633258088833075,0.014291100699642059,0.009314843284103664,0.02026072302962129,0.8333333333333334,0.6666666666666666,0.9583333333333334,5461.333333333333,1365.3333333333333,10922.666666666666,30720.0,30720.0,30720.0,36.0,36.0,36.0,12.0,12.0,12.0,16384.0,16384.0,16384.0,1.0,1.0,1.0,1.0,1.0,1.0,47104.0,47104.0,47104.0,37.0,37.0,37.0,13.0,13.0,13.0,0.015411352374952813,0.012673295495418162,0.018131819246146895
study-cc25ae93d418f22101d4,2,131072,bad_prior,24,72,graph mean over shot repetitions,-0.529868975849948,-0.5503646522839919,-0.5114405455608642,0.660194653969329,0.6335027337352113,0.6885751533421036,0.169098869699418,0.14681045391963016,0.19035151753261936,0.0,0.0,0.0,131072.0,131072.0,131072.0,130432.0,130314.66666666667,130528.0,65.61111111111111,64.41666666666667,67.12569444444443,23.388888888888886,23.083333333333332,23.791666666666668,16384.0,16384.0,16384.0,1.0,1.0,1.0,1.0,1.0,1.0,146816.0,146698.66666666666,146912.0,66.61111111111111,65.41666666666667,68.12569444444443,24.388888888888886,24.083333333333332,24.791666666666668,0.027110572930572136,0.022282751606647683,0.0318283175353034
study-cc25ae93d418f22101d4,2,131072,cobyla,24,72,graph mean over shot repetitions,-0.6956214907317889,-0.7103706386926624,-0.6807338021474418,0.8647913244152784,0.8523948932171349,0.877416262372635,0.0033463548175770032,0.0024956322793898388,0.004270512691883487,1.0,1.0,1.0,0.0,0.0,0.0,23281.777777777777,22869.333333333332,23694.22222222222,22.73611111111111,22.333333333333332,23.138888888888886,22.73611111111111,22.333333333333332,23.138888888888886,16384.0,16384.0,16384.0,1.0,1.0,1.0,1.0,1.0,1.0,39665.77777777778,39253.333333333336,40078.22222222222,23.73611111111111,23.333333333333332,24.138888888888886,23.73611111111111,23.333333333333332,24.138888888888886,0.017200749361146944,0.015472412835395884,0.018924099088900446
study-cc25ae93d418f22101d4,2,131072,descriptor_iso,24,72,graph mean over shot repetitions,-0.6952111631082635,-0.7105490347236253,-0.6796022781571477,0.864161468638529,0.8517568594696004,0.8767530018071258,0.0037566824411024206,0.00237780974443892,0.005495363811264249,1.0,1.0,1.0,0.0,0.0,0.0,130560.0,130560.0,130560.0,64.0,64.0,64.0,23.0,23.0,23.0,16384.0,16384.0,16384.0,1.0,1.0,1.0,1.0,1.0,1.0,146944.0,146944.0,146944.0,65.0,65.0,65.0,24.0,24.0,24.0,0.027298439736126865,0.022350506394484333,0.03230821617458857
study-cc25ae93d418f22101d4,2,131072,descriptor_shape,24,72,graph mean over shot repetitions,-0.6952111631082635,-0.7105490347236253,-0.6796022781571477,0.864161468638529,0.8517568594696004,0.8767530018071258,0.0037566824411024206,0.00237780974443892,0.005495363811264249,1.0,1.0,1.0,0.0,0.0,0.0,130560.0,130560.0,130560.0,64.0,64.0,64.0,23.0,23.0,23.0,16384.0,16384.0,16384.0,1.0,1.0,1.0,1.0,1.0,1.0,146944.0,146944.0,146944.0,65.0,65.0,65.0,24.0,24.0,24.0,0.026692775458236104,0.02187664235297891,0.03148939860824637
study-cc25ae93d418f22101d4,2,131072,fixed_radius,24,72,graph mean over shot repetitions,-0.6952111631082635,-0.7105490347236253,-0.6796022781571477,0.864161468638529,0.8517568594696004,0.8767530018071258,0.0037566824411024206,0.00237780974443892,0.005495363811264249,1.0,1.0,1.0,0.0,0.0,0.0,129312.0,129141.33333333333,129493.33333333333,156.65277777777777,133.8190972222222,179.31979166666667,53.22222222222222,46.01354166666667,60.37534722222222,16384.0,16384.0,16384.0,1.0,1.0,1.0,1.0,1.0,1.0,145696.0,145525.33333333334,145877.33333333334,157.65277777777777,134.8190972222222,180.31979166666667,54.22222222222222,47.01354166666666,61.37534722222222,0.06504303591658653,0.050962208589132585,0.08030043785757734
study-cc25ae93d418f22101d4,2,131072,fixed_shots,24,72,graph mean over shot repetitions,-0.6952111631082635,-0.7105490347236253,-0.6796022781571477,0.864161468638529,0.8517568594696004,0.8767530018071258,0.0037566824411024206,0.00237780974443892,0.005495363811264249,1.0,1.0,1.0,0.0,0.0,0.0,66816.0,66816.0,66816.0,7.0,7.0,7.0,2.0,2.0,2.0,16384.0,16384.0,16384.0,1.0,1.0,1.0,1.0,1.0,1.0,83200.0,83200.0,83200.0,8.0,8.0,8.0,3.0,3.0,3.0,0.00300393516662704,0.002477371549569322,0.003528896938174361
study-cc25ae93d418f22101d4,2,131072,gw_iso,24,72,graph mean over shot repetitions,-0.6899951068820066,-0.7045791883231208,-0.6745552210405338,0.8578672673011982,0.8441177957737737,0.872142923954865,0.00897273866735939,0.005344269401341935,0.013275344273512096,0.9166666666666666,0.7916666666666666,1.0,10922.666666666666,0.0,27306.666666666668,130560.0,130560.0,130560.0,64.0,64.0,64.0,23.0,23.0,23.0,16384.0,16384.0,16384.0,1.0,1.0,1.0,1.0,1.0,1.0,146944.0,146944.0,146944.0,65.0,65.0,65.0,24.0,24.0,24.0,0.02666359086107503,0.02185062329025761,0.03145808238749466
study-cc25ae93d418f22101d4,2,131072,gw_shape,24,72,graph mean over shot repetitions,-0.6899951068820066,-0.7045791883231208,-0.6745552210405338,0.8578672673011982,0.8441177957737737,0.872142923954865,0.00897273866735939,0.005344269401341935,0.013275344273512096,0.9166666666666666,0.7916666666666666,1.0,10922.666666666666,0.0,27306.666666666668,130560.0,130560.0,130560.0,64.0,64.0,64.0,23.0,23.0,23.0,16384.0,16384.0,16384.0,1.0,1.0,1.0,1.0,1.0,1.0,146944.0,146944.0,146944.0,65.0,65.0,65.0,24.0,24.0,24.0,0.02672021534714178,0.021893606099259465,0.03153230043851005
study-cc25ae93d418f22101d4,2,131072,local_iso,24,72,graph mean over shot repetitions,-0.6843094616673762,-0.7023275886214664,-0.6654036433061874,0.8500424047095168,0.8366769178102229,0.8642736463225528,0.01465838388198972,0.009637086526195538,0.02055258192005187,0.8333333333333334,0.6666666666666666,0.9583333333333334,21845.333333333332,5461.333333333333,43690.666666666664,130560.0,130560.0,130560.0,64.0,64.0,64.0,23.0,23.0,23.0,16384.0,16384.0,16384.0,1.0,1.0,1.0,1.0,1.0,1.0,146944.0,146944.0,146944.0,65.0,65.0,65.0,24.0,24.0,24.0,0.02675980909720642,0.021918827080227115,0.03158887568540586
study-cc25ae93d418f22101d4,2,131072,no_repair,24,72,graph mean over shot repetitions,-0.6952111631082635,-0.7105490347236253,-0.6796022781571477,0.864161468638529,0.8517568594696004,0.8767530018071258,0.0037566824411024206,0.00237780974443892,0.005495363811264249,1.0,1.0,1.0,0.0,0.0,0.0,130410.66666666667,130346.66666666667,130474.66666666667,64.97222222222221,64.55555555555556,65.3888888888889,23.194444444444443,23.11111111111111,23.277777777777782,16384.0,16384.0,16384.0,1.0,1.0,1.0,1.0,1.0,1.0,146794.66666666666,146730.66666666666,146858.66666666666,65.97222222222221,65.55555555555556,66.3888888888889,24.194444444444443,24.11111111111111,24.277777777777782,0.026918027152848686,0.021989309731351783,0.03180600544970673
study-cc25ae93d418f22101d4,2,131072,random_iso,24,72,graph mean over shot repetitions,-0.5557381712553695,-0.5803349644022174,-0.5322989264798637,0.6901392710262885,0.6651939830588581,0.7135747499988906,0.14322967429399644,0.1260751946944068,0.16136268503516057,0.0,0.0,0.0,131072.0,131072.0,131072.0,130400.0,130325.33333333333,130474.66666666667,65.04166666666667,64.55555555555556,65.52777777777779,23.208333333333332,23.11111111111111,23.305555555555557,16384.0,16384.0,16384.0,1.0,1.0,1.0,1.0,1.0,1.0,146784.0,146709.33333333334,146858.66666666666,66.04166666666667,65.55555555555556,66.52777777777779,24.208333333333332,24.11111111111111,24.305555555555557,0.02698013775000163,0.022139446861432866,0.03175812904140306
study-cc25ae93d418f22101d4,2,131072,shuffled_gw,24,72,graph mean over shot repetitions,-0.6838510178283314,-0.7007488744023609,-0.6663482458965055,0.8500065221951777,0.8336743500527659,0.8654418439376723,0.015116827721034684,0.008136773196979532,0.023687840172093473,0.75,0.5833333333333334,0.9166666666666666,32768.0,10922.666666666666,54613.333333333336,130528.0,130464.0,130560.0,64.20833333333333,64.0,64.625,23.041666666666668,23.0,23.125,16384.0,16384.0,16384.0,1.0,1.0,1.0,1.0,1.0,1.0,146912.0,146848.0,146944.0,65.20833333333333,65.0,65.625,24.041666666666668,24.0,24.125,0.026731806111178633,0.021934395156284522,0.031503825518061974
study-cc25ae93d418f22101d4,2,131072,spsa,24,72,graph mean over shot repetitions,-0.697848099702287,-0.7124530575627576,-0.6830523945237545,0.8676116484167791,0.8548806556492959,0.8806518680873566,0.0011197458470789802,0.0007040546302782854,0.0016741607611245359,1.0,1.0,1.0,0.0,0.0,0.0,129024.0,129024.0,129024.0,126.0,126.0,126.0,84.0,84.0,84.0,16384.0,16384.0,16384.0,1.0,1.0,1.0,1.0,1.0,1.0,145408.0,145408.0,145408.0,127.0,127.0,127.0,85.0,85.0,85.0,0.05098208393057272,0.0414047513364273,0.06050073803995702
study-cc25ae93d418f22101d4,2,131072,uniform_iso,24,72,graph mean over shot repetitions,-0.6846767448497239,-0.7031026935069071,-0.6652989738626052,0.8503389158982347,0.8375187838137153,0.8633258088833075,0.014291100699642059,0.009314843284103664,0.02026072302962129,0.8333333333333334,0.6666666666666666,0.9583333333333334,21845.333333333332,5461.333333333333,43690.666666666664,130560.0,130560.0,130560.0,64.0,64.0,64.0,23.0,23.0,23.0,16384.0,16384.0,16384.0,1.0,1.0,1.0,1.0,1.0,1.0,146944.0,146944.0,146944.0,65.0,65.0,65.0,24.0,24.0,24.0,0.026948465861172128,0.022091299650038664,0.031784564007348755
